user_name,test_name,test_datetime,part_number,stage_serial
gschliffka,Accuracy,2025-04-08 15:18:29,ES19347-01 (AGS10000),495566-01
gschliffka,Accuracy,2025-04-08 15:22:42,ES19347-01 (AGS10000),495566-01
cdelsignore,SixDegree,2025-04-15 11:01:02,ANT130L-035-E1,510865-01
mtrozzi,Accuracy,2025-04-15 13:57:29,ES19347-1 (AGS10000),508843-01
mtrozzi,Accuracy,2025-04-15 14:55:17,ES19347-1 (AGS10000),508843-01
cdelsignore,SixDegree,2025-04-16 15:21:15,ANT130LZ-060-E1,513951-04
cdelsignore,SixDegree,2025-04-16 15:22:35,ANT130LZ-060-E1,513951-04
cdelsignore,SixDegree,2025-04-24 11:06:56,ANT95LZ-025-E1,486721-01
cdelsignore,SixDegree,2025-05-02 11:10:43,PRO225LM-0500-E1,512627-01
cdelsignore,SixDegree,2025-05-05 08:18:09,PRO190LM--0500-E1,512641-01
cdelsignore,SixDegree,2025-05-05 11:02:59,PRO190LM--0500-E1,512641-01
cdelsignore,SixDegree,2025-05-06 09:52:19,PRO165SV-E1,512629-01
cdelsignore,SixDegree,2025-05-06 09:55:04,PRO165SV-E1,512629-01
atempalski,SixDegree,2025-05-06 13:25:07,ANT130LZS-060,513070-02
atempalski,SixDegree,2025-05-12 10:39:08,ANT95L-075-ES20094,510680-01
atempalski,Accuracy,2025-05-12 11:06:44,ANT95L-075-ES20094,510680-01
atempalski,SixDegree,2025-05-12 11:13:29,ANT95L-075-ES20094,510680-01
bmowry,Accuracy,2025-05-14 09:49:13,HEX150-125HL Strut,517061-01
bmowry,Accuracy,2025-05-14 10:34:26,HEX150-125HL Strut,517061-02
bmowry,Accuracy,2025-05-14 13:54:13,HEX150-125HL Strut,517061-04
bmowry,Accuracy,2025-05-15 11:32:43,HEX150-125HL,517061-02
cdelsignore,SixDegree,2025-05-15 14:56:07,ANT130LZS-060-E1,519425-03
cdelsignore,SixDegree,2025-05-16 11:28:51,ANT130XY-160-E1 (Lower),520026-01
atempalski,SixDegree,2025-05-22 07:20:12,PRO225LM-0415-ES17293-4,513346-02
atempalski,SixDegree,2025-05-22 07:28:16,PRO225LM-0415-ES17293-4,513346-02
atempalski,Accuracy,2025-05-22 08:01:55,PRO165LM-0300-ES17293-1,513079-01
atempalski,SixDegree,2025-05-27 13:44:31,PRO225LM-0415-ES17293-4,513348-02
atempalski,SixDegree,2025-05-28 07:27:59,PRO165LM-0300-ES17293-1,513080-02
atempalski,SixDegree,2025-05-28 07:33:27,PRO165LM-0300-ES17293-1,513080-02
atempalski,SixDegree,2025-05-28 07:37:23,PRO165LM-0300-ES17293-1,513080-02
atempalski,SixDegree,2025-05-28 07:44:42,PRO165LM-0300-ES17293-1,513080-02
atempalski,SixDegree,2025-05-28 08:00:56,PRO165LM-0300-ES17293-1,513080-02
atempalski,SixDegree,2025-05-28 08:18:18,PRO165LM-0300-ES17293-1,513080-02
atempalski,SixDegree,2025-05-28 08:19:54,PRO165LM-0300-ES17293-1,513080-02
atempalski,SixDegree,2025-05-28 08:32:12,PRO165LM-0300-ES17293-1,513080-02
atempalski,SixDegree,2025-05-28 08:39:59,PRO165LM-0300-ES17293-1,513080-02
atempalski,SixDegree,2025-05-28 09:00:36,PRO165LM-0300-ES17293-1,513080-02
atempalski,SixDegree,2025-05-28 09:23:02,PRO165LM-0300-ES17293-1,513080-02
atempalski,SixDegree,2025-05-28 09:45:25,PRO165LM-0300-ES17293-1,513080-02
atempalski,SixDegree,2025-05-28 09:51:20,PRO165LM-0300-ES17293-1,513080-02
atempalski,SixDegree,2025-05-28 10:19:59,PRO165LM-0300-ES17293-2,513089-02
atempalski,Accuracy,2025-05-28 11:09:00,PRO165LM-0300-ES17293-2,513072-04
atempalski,SixDegree,2025-05-28 11:38:39,PRO165LM-0300-ES17293-2,513072-04
atempalski,SixDegree,2025-05-28 11:50:11,PRO165LM-0300-ES17293-2,513072-04
atempalski,SixDegree,2025-05-28 11:58:55,PRO165LM-0300-ES17293-2,513072-04
blamouree,Accuracy1DXY,2025-05-30 16:32:53,ANT130-XY-110,411212-01
blamouree,Accuracy1DXY,2025-05-30 16:33:40,ANT130-XY-110,411212-01
blamouree,Accuracy2D,2025-06-02 08:37:41,PRO165LM-0310-ES18837-15,507842-04
blamouree,Accuracy2D,2025-06-02 11:34:00,PRO190LM-ES18837-25,507842-04
cdelsignore,SixDegree,2025-06-02 15:38:00,PRO115SL-200,412825-01-01
cdelsignore,SixDegree,2025-06-03 12:56:41,PRO115SL-200,412825-01-01
cdelsignore,SixDegree,2025-06-03 16:06:06,PRO115SL-200,412825-01-01
ruhric,Accuracy,2025-06-04 08:37:12,PRO115SL-300-3-LI1-UF,512192-01-01
ruhric,Accuracy,2025-06-04 14:27:27,PRO115SL-300-3-LI1-UF,512192-01-01
ruhric,Accuracy,2025-06-05 09:50:56,PRO115SL-300-3-LI1-UF,512192-02-01
ruhric,Accuracy,2025-06-05 09:59:55,PRO115SL-300-3-LI1-UF,512192-02-01
ruhric,Accuracy,2025-06-05 11:07:32,PRO115SL-300-3-LI1-UF,512192-02-01
atempalski,Accuracy2D,2025-06-05 11:45:13,PRO165LM-0310-ES18837-15,507843-03
ruhric,Accuracy,2025-06-05 12:36:49,PRO115SL-300-3-LI1-UF,512192-02-01
ruhric,Accuracy,2025-06-05 12:55:52,PRO115SL-300-3-LI1-UF,512192-02-01
atempalski,Accuracy2D,2025-06-06 12:47:17,PRO165LM-0310-ES18837-15,507839-03
atempalski,Accuracy2D,2025-06-06 14:46:39,PRO165LM-0310-ES18837-15,507843-03
ruhric,Accuracy,2025-06-09 08:44:36,PRO165SL-300-3-LI1-UF,512199-01-01
atempalski,SixDegree,2025-06-09 09:29:08,PRO225LM-0415-ES17293-4,513081-01
atempalski,SixDegree,2025-06-09 09:30:19,PRO225LM-0415-ES17293-4,513081-01
atempalski,SixDegree,2025-06-09 09:31:50,PRO225LM-0415-ES17293-4,513081-01
ruhric,Accuracy,2025-06-09 11:00:12,PRO165SL-300-3-LI1-UF,512199-01-01
ruhric,Accuracy,2025-06-09 11:00:19,PRO165SL-300-3-LI1-UF,512199-01-01
ruhric,Accuracy,2025-06-09 11:00:37,PRO165SL-300-3-LI1-UF,512199-01-01
atempalski,SixDegree,2025-06-09 11:29:45,ANT130LZS-060,513074-02
atempalski,SixDegree,2025-06-09 11:33:47,ANT130LZS-060,513074-02
ruhric,Accuracy,2025-06-09 12:49:48,PRO165SL-300-3-LI1-UF,512199-02-01
ruhric,Accuracy,2025-06-09 12:49:54,PRO165SL-300-3-LI1-UF,512199-02-01
ruhric,Accuracy,2025-06-09 12:50:00,PRO165SL-300-3-LI1-UF,512199-02-01
ruhric,Accuracy,2025-06-09 13:11:47,PRO165SL-300-3-LI1-UF,512199-02-01
ruhric,Accuracy,2025-06-09 13:11:58,PRO165SL-300-3-LI1-UF,512199-02-01
ruhric,Accuracy,2025-06-09 13:12:03,PRO165SL-300-3-LI1-UF,512199-02-01
ruhric,Accuracy,2025-06-09 14:59:40,PRO165SL-300-3-LI1-UF,512199-03-01
mtrozzi,Flatness,2025-06-10 06:35:58,ABL1000WB-150-E2,510654-01
mtrozzi,Flatness,2025-06-10 06:37:40,ABL1000WB-150-E2,510654-01
mtrozzi,Flatness,2025-06-10 07:06:50,ABL1000-100-E2,510654-01
mtrozzi,Flatness,2025-06-10 07:08:26,ABL1000-100-E2,510654-01
mtrozzi,Flatness,2025-06-10 07:17:04,ABL1000-100-E2,510654-01
cdelsignore,SixDegree,2025-06-10 16:14:57,PRO225LM-0400-E1,516210-01
cdelsignore,SixDegree,2025-06-10 16:15:50,PRO225LM-0400-E1,516210-01
gschliffka,Accuracy,2025-06-11 08:06:50,ABL1000-025-E2,510655-01
gschliffka,Accuracy,2025-06-11 08:36:51,ABL1000-025-E2,510655-01
gschliffka,Accuracy,2025-06-11 08:39:31,ABL1000-025-E2,510655-01
gschliffka,Accuracy,2025-06-11 08:42:30,ABL1000-025-E2,510655-01
gschliffka,Accuracy,2025-06-11 08:45:19,ABL1000-025-E2,510655-01
mdepaoli,Flatness,2025-06-11 09:18:16,PRO165LM,525363-01
mdepaoli,Flatness,2025-06-11 09:18:30,PRO165LM,525363-01
mdepaoli,Flatness,2025-06-11 09:19:29,PRO165LM,525363-01
mdepaoli,Straightness,2025-06-11 09:27:44,PRO165LM,525363-01
mdepaoli,Straightness,2025-06-11 09:28:20,PRO165LM,525363-01
mdepaoli,Accuracy,2025-06-11 09:35:48,PRO165LM,525363-01
mdepaoli,Accuracy,2025-06-11 09:36:07,PRO165LM,525363-01
gschliffka,Accuracy,2025-06-11 10:00:38,ABL1000-025-E2,510655-01
gschliffka,Accuracy,2025-06-11 10:20:40,ABL1000-025-E2,510655-01
gschliffka,Accuracy,2025-06-11 10:38:51,ABL1000-025-E2,510655-01
gschliffka,Accuracy,2025-06-11 12:52:48,ABL1000-025-E2,510655-01
mdepaoli,Accuracy,2025-06-12 08:23:48,MPS75SL,518166-01
mdepaoli,Accuracy,2025-06-12 08:25:37,MPS75SL,518166-01
mdepaoli,Accuracy,2025-06-12 08:25:50,MPS75SL,518166-01
mdepaoli,Accuracy,2025-06-12 08:25:59,MPS75SL,518166-01
mdepaoli,Accuracy,2025-06-12 08:26:16,MPS75SL,518166-01
mdepaoli,Accuracy,2025-06-12 08:26:27,MPS75SL,518166-01
mdepaoli,Accuracy,2025-06-12 08:26:53,MPS75SL,518166-01
mdepaoli,Accuracy,2025-06-12 08:27:16,MPS75SL,518166-01
mdepaoli,Accuracy,2025-06-12 08:27:34,MPS75SL,518166-01
mdepaoli,Accuracy,2025-06-12 08:27:56,MPS75SL,518166-01
mdepaoli,Accuracy,2025-06-12 08:28:10,MPS75SL,518166-01
mdepaoli,Accuracy,2025-06-12 08:47:39,MPS75SL,518166-01
mdepaoli,Accuracy,2025-06-12 08:48:00,MPS75SL,518166-01
mdepaoli,Accuracy,2025-06-12 08:52:52,MPS75SL,518166-01
mdepaoli,Accuracy,2025-06-12 08:55:02,MPS75SL,518166-01
cdelsignore,Accuracy1DXY,2025-06-12 09:05:24,ANT95XY-050-E1,522729-01
mdepaoli,Flatness,2025-06-12 09:27:47,MPS75SL,518166-03
mdepaoli,Flatness,2025-06-12 09:27:59,MPS75SL,518166-03
mdepaoli,Straightness,2025-06-12 09:33:40,MPS75SL,518166-03
mdepaoli,Flatness,2025-06-12 09:39:30,MPS75SL,518166-03
mdepaoli,Accuracy,2025-06-12 09:50:34,MPS75SL,518166-03
atempalski,SixDegree,2025-06-12 11:02:57,PRO225LM-0415-ES17293-4,513353-01
atempalski,Accuracy2D,2025-06-12 11:57:02,PRO165LM-0310-ES18837-15,507843-04
atempalski,SixDegree,2025-06-12 13:24:56,PRO165LM-0300-ES17293-1,513082-01
atempalski,SixDegree,2025-06-12 14:47:59,PRO165LM-0300-ES17293-2,513092-01
atempalski,SixDegree,2025-06-12 14:49:33,PRO165LM-0300-ES17293-2,513092-01
bmowry,Accuracy2D,2025-06-13 07:48:25,PRO165LM-0310,507843-01
nguy,Flatness,2025-06-13 10:04:25,ABL1500-100,516834-01
nguy,Straightness,2025-06-13 10:50:15,ABL1500-100,516834-01
nguy,Straightness,2025-06-13 10:55:43,ABL1500-100,516834-01
nguy,Accuracy,2025-06-13 12:17:03,ABL1500-100,516834-01
nguy,Straightness,2025-06-13 14:02:12,ABL1500-100,516835-01
nguy,Flatness,2025-06-13 14:54:53,ABL1500-100,516835-01
atempalski,Accuracy1DXY,2025-06-16 09:42:49,PlanarDL-300XY-ES20107,517678-02
cdelsignore,SixDegree,2025-06-16 12:47:25,PRO115SL-200,519337-09
cdelsignore,SixDegree,2025-06-16 12:51:42,PRO115SL-200,519337-09
lstahl,Accuracy2D,2025-06-17 09:17:41,642056_lower_12kg_Lower,642056-1-1
lstahl,Accuracy2D,2025-06-17 09:19:11,642056_lower_12kg_Lower,642056-1-1
nguy,Flatness,2025-06-17 11:47:41,ABL1500-100,516836-01
nguy,Straightness,2025-06-17 12:49:42,ABL1500-100,516836-01
nguy,Flatness,2025-06-18 12:28:00,ABL1500-100,516836-01
nguy,Flatness,2025-06-18 12:36:25,ABL1500-100,516836-01
nguy,Flatness,2025-06-18 13:04:22,ABL1500-100,516836-01
nguy,Flatness,2025-06-18 15:13:05,ABL1500-100,516836-01
nguy,Flatness,2025-06-18 15:19:28,ABL1500-100,516836-01
atempalski,SixDegree,2025-06-19 08:37:29,ES16890-66,506095-01
atempalski,SixDegree,2025-06-19 09:04:46,ES16890-66,506095-01
atempalski,Straightness,2025-06-19 09:05:35,ES16890-66,506095-01
atempalski,SixDegree,2025-06-19 09:16:04,ES16890-66,506095-01
atempalski,SixDegree,2025-06-19 09:34:25,ES16890-66,506100-01
atempalski,Accuracy,2025-06-19 09:36:32,ES16890-66,506100-01
atempalski,SixDegree,2025-06-19 09:39:22,ES16890-66,506100-01
atempalski,SixDegree,2025-06-19 09:41:13,ES16890-66,506100-01
atempalski,SixDegree,2025-06-19 09:48:41,ES16890-66,506100-01
atempalski,SixDegree,2025-06-19 09:53:45,ES16890-66,506100-01
atempalski,Flatness,2025-06-19 09:57:35,ES16890-66,506100-01
atempalski,SixDegree,2025-06-19 10:03:59,ES16890-66,506100-01
atempalski,SixDegree,2025-06-19 10:05:04,ES16890-66,506100-01
ddeighan,Accuracy,2025-06-23 10:10:36,MPS75SL-025-ES18998,518176-03
ddeighan,Accuracy,2025-06-23 12:06:25,MPS75SL-025-ES18998,518176-01
atempalski,SixDegree,2025-06-25 09:59:40,ABL1500-500-ES16890-83,488398-01
atempalski,SixDegree,2025-06-25 10:19:55,ABL1500-500-ES16890-83,488398-01
atempalski,Flatness,2025-06-25 13:46:51,ABL1500-500-ES16890-83,488398-01
atempalski,SixDegree,2025-06-26 09:02:19,ANT180L-260-ES16890-83,488399-01
atempalski,SixDegree,2025-06-26 09:42:43,ANT180L-260-ES16890-83,488399-01
atempalski,SixDegree,2025-06-26 09:51:41,ANT180L-260-ES16890-83,488399-01
atempalski,SixDegree,2025-06-26 10:30:56,ANT180L-260-ES16890-83,488399-01
atempalski,SixDegree,2025-06-26 10:52:19,ANT180L-260-ES16890-83,488399-01
atempalski,SixDegree,2025-06-26 11:12:57,ANT180L-260-ES16890-83,488399-01
atempalski,SixDegree,2025-06-26 11:24:31,ANT180L-260-ES16890-83,488399-01
atempalski,SixDegree,2025-06-26 12:55:42,ANT180L-260-ES16890-83,488399-01
atempalski,SixDegree,2025-06-26 13:00:34,ANT180L-260-ES16890-83,488399-01
atempalski,SixDegree,2025-06-26 13:51:44,ANT180L-260-ES16890-83,488399-01
gschliffka,Accuracy1DXY,2025-06-27 07:44:18,ANT130XY-160-E4,519742-01
cdelsignore,Accuracy,2025-06-27 10:04:22,AGS10000-ES19347-01,508872-01
mlegler,Accuracy,2025-06-29 08:49:13,PRO225LM-0536-ES19347-01,508876-01
mtrozzi,Accuracy,2025-06-29 15:02:48,ES19347-1,508875-01
mtrozzi,Accuracy,2025-06-29 15:15:09,ES19347-1,508875-01
mtrozzi,Accuracy,2025-06-29 15:32:12,ES19347-1,508875-01
gschliffka,Accuracy2D,2025-06-30 14:33:42,ANT130XY-160-E4,519742-01
nguy,Accuracy2D,2025-07-01 08:13:24,PRO165LM-310-ES18837,507846-05
ajung,Accuracy,2025-07-01 09:43:55,ABL1000WB-150-E2,515768-01
ajung,Accuracy,2025-07-01 09:52:57,ABL1000,515768-01
ajung,Accuracy,2025-07-01 09:54:22,ABL1000,515768-01
ajung,Accuracy,2025-07-01 09:54:45,ABL1000,515768-01
ajung,Accuracy,2025-07-01 10:16:55,ABL1000,515768-01
ajung,Accuracy,2025-07-01 10:38:39,ABL1000,515768-01
ajung,Flatness,2025-07-01 11:07:35,ABL1000-100-E2,515769-01
ajung,Flatness,2025-07-01 11:07:48,ABL1000-100-E2,515769-01
ajung,Flatness,2025-07-01 11:15:18,ABL1000-100-E2,515769-01
ajung,Accuracy,2025-07-01 12:54:03,ABL1000-100-E2,515769-01
ajung,Accuracy,2025-07-01 12:58:15,ABL1000-100-E2,515769-01
gschliffka,Accuracy2D,2025-07-01 13:06:28,PRO165LM-0310-ES18837-15,507845-01
ajung,Accuracy,2025-07-01 13:27:51,ABL1000-100-E2,515769-01
ajung,Straightness,2025-07-02 10:05:47,ANT130LZS,515770-01
ajung,Straightness,2025-07-02 10:06:27,ANT130LZS,515770-01
ajung,Accuracy,2025-07-02 11:14:35,ANT130LZS,515770-01
ajung,Accuracy,2025-07-02 11:17:21,ANT130LZS,515770-01
ajung,Accuracy,2025-07-02 11:29:55,ANT130LZS,515770-01
ajung,Accuracy,2025-07-02 11:48:19,ANT130LZS,515770-01
bmowry,Accuracy,2025-07-02 11:49:26,PLANARDLA,431985-01
ajung,Accuracy,2025-07-02 11:57:37,ANT130LZS,515770-01
ajung,Accuracy,2025-07-02 12:23:24,ANT130LZS,515770-01
ajung,Accuracy,2025-07-02 13:00:26,ANT130LZS,515770-01
ajung,Accuracy,2025-07-02 13:02:00,ANT130LZS,515770-01
ajung,Accuracy,2025-07-02 13:03:21,ANT130LZS,515770-01
ajung,Accuracy,2025-07-02 13:04:30,ANT130LZS,515770-01
ajung,Accuracy,2025-07-02 13:05:51,ANT130LZS,515770-01
ajung,Accuracy,2025-07-02 13:06:00,ANT130LZS,515770-01
ajung,Accuracy,2025-07-02 13:06:08,ANT130LZS,515770-01
ajung,Accuracy,2025-07-02 13:18:41,ANT130LZS,515770-01
ajung,Accuracy,2025-07-02 13:31:57,ANT130LZS,515770-01
mechassy,Accuracy2D,2025-07-03 14:53:23,ANT130-XY,642061-1-1
mechassy,Accuracy2D,2025-07-03 14:58:40,ANT130-XY,642061-1-1
lstahl,Accuracy2D,2025-07-07 07:30:14,Y (Lower),642061-12kg-98-Ver
lstahl,Accuracy2D,2025-07-07 07:31:55,Y (Lower),642061-12kg-98-Ver
lstahl,Accuracy2D,2025-07-07 07:35:53,Y (Lower),642061-12kg-98-ver
lstahl,Accuracy2D,2025-07-07 07:40:00,Y (Lower),642061-12kg-98-ver
gschliffka,Accuracy2D,2025-07-07 10:16:10,ANT130XY-160-E4,519742-01
gschliffka,Accuracy2D,2025-07-07 11:05:39,ANT130XY-160-E4,519742-01
cdelsignore,Accuracy,2025-07-07 13:54:21,PRO165SV-020-ES90256,523341-02
cdelsignore,Accuracy,2025-07-08 08:11:00,PRO165SV-020-ES90256,523341-02
cdelsignore,Accuracy,2025-07-08 08:17:17,PRO165SV-020-ES90256,523341-02
cdelsignore,Accuracy,2025-07-08 08:22:19,PRO165SV-020-ES90256,523341-02
gschliffka,Accuracy1DXY,2025-07-08 08:47:44,ANT130XY-160-E4,519742-01
cdelsignore,Accuracy,2025-07-08 09:06:51,PRO165SV-020-ES90256,523341-02
cdelsignore,Accuracy,2025-07-08 09:11:34,PRO165SV-020-ES90256,523341-02
cdelsignore,Accuracy,2025-07-08 09:28:13,PRO165SV-020-ES90256,523341-02
cdelsignore,Accuracy,2025-07-08 10:05:20,PRO165SV-020-ES90256,523341-02
cdelsignore,Accuracy,2025-07-08 10:32:50,PRO165SV-020-ES90256,523341-02
cdelsignore,Accuracy,2025-07-08 14:59:24,PRO165SV-020-ES90256,523341-02
cdelsignore,Accuracy,2025-07-08 15:56:25,PRO165SV-020-ES90256,523341-01
cdelsignore,Accuracy,2025-07-08 16:13:22,PRO165SV-020-ES90256,523341-01
mtrozzi,Flatness,2025-07-09 09:24:09,ABL1000-100-E2,515769-01
nguy,Accuracy2D,2025-07-10 08:19:11,ES18837-6,507846-04
nguy,Accuracy2D,2025-07-10 08:19:33,ES18837-6,507846-04
nguy,SixDegree,2025-07-10 08:55:13,ANT180L-260-ES16890-66,508586-01
nguy,SixDegree,2025-07-10 09:21:57,ANT180L-260-ES16890-66,508586-01
nguy,SixDegree,2025-07-10 09:34:43,ANT180L-260-ES16890-66,508586-01
nguy,SixDegree,2025-07-10 10:33:27,ANT95LZS-100-ES16890-66,508588-01
nguy,SixDegree,2025-07-10 10:48:44,ANT95LZS-100-ES16890-66,508588-01
nguy,SixDegree,2025-07-10 10:52:02,ANT95LZS-100-ES16890-66,508588-01
bmowry,Accuracy2D,2025-07-11 10:45:17,PRO165LM-0310,507845-05
bmowry,Accuracy2D,2025-07-11 10:47:22,PRO165LM-0310,507845-05
cdelsignore,Accuracy,2025-07-14 11:34:45,PRO225LM0536-ES19347-01,518682-01
gschliffka,Accuracy1DXY,2025-07-14 11:49:56,ANT130XY-160-E1,525303-01
gschliffka,Accuracy1DXY,2025-07-14 11:53:13,ANT130XY-160-E1,525303-01
nguy,Accuracy2D,2025-07-14 12:00:53,ES18837,507846-02
cdelsignore,Accuracy,2025-07-14 12:11:07,PRO225LM0536-ES19347-01,518682-01
cdelsignore,Accuracy,2025-07-14 12:13:02,PRO225LM0536-ES19347-01,518682-01
cdelsignore,Accuracy,2025-07-14 12:34:52,PRO225LM0536-ES19347-01,518682-01
cdelsignore,Accuracy,2025-07-14 12:45:47,PRO225LM0536-ES19347-01,518682-01
bmowry,Accuracy2D,2025-07-14 13:04:13,PRO165LM-310,508103-01
cdelsignore,Accuracy,2025-07-14 14:43:27,AGS10000,518670-01
cdelsignore,Accuracy,2025-07-14 14:51:56,AGS10000,518670-01
bmowry,Accuracy2D,2025-07-14 15:07:46,PRO165LM-310,508103-01
bmowry,Accuracy2D,2025-07-15 07:59:01,PRO165LM-310,508103-01
bmowry,Accuracy2D,2025-07-15 09:46:26,PRO165LM-310,508103-01
bmowry,Accuracy2D,2025-07-15 13:10:23,PRO165LM-310,508103-01
nguy,Accuracy2D,2025-07-15 14:26:40,ES18837,507846-02
mdepaoli,Straightness,2025-07-16 06:47:35,ANT130LZ,527244-03
mdepaoli,Accuracy,2025-07-16 07:07:31,ANT130LZ,527244-03
mdepaoli,Accuracy,2025-07-16 07:09:10,ANT130LZ,527244-03
mdepaoli,Accuracy,2025-07-16 07:11:29,ANT130LZ,527244-03
mdepaoli,Accuracy,2025-07-16 07:15:21,ANT130LZ,527244-03
mdepaoli,Accuracy,2025-07-16 07:15:41,ANT130LZ,527244-03
mdepaoli,Accuracy,2025-07-16 07:28:38,ANT130LZ,527244-03
mdepaoli,Accuracy,2025-07-16 07:28:56,ANT130LZ,527244-03
mdepaoli,Accuracy,2025-07-16 07:59:03,ANT130LZ,527244-03
dyounge,SixDegree,2025-07-16 08:06:51,ANT130LZS-060,523103-03
mdepaoli,Accuracy,2025-07-16 08:07:27,ANT130LZ,527244-03
mdepaoli,Accuracy,2025-07-16 08:19:17,ANT130LZ,527244-03
mdepaoli,Accuracy,2025-07-16 08:19:40,ANT130LZ,527244-03
mdepaoli,Accuracy,2025-07-16 08:30:39,ANT130LZ,527244-03
mdepaoli,Accuracy,2025-07-16 08:35:32,ANT130LZ,527244-03
mdepaoli,Accuracy,2025-07-16 08:37:53,ANT130LZ,527244-03
mdepaoli,Accuracy,2025-07-16 09:05:38,ANT130LZ,527244-03
mdepaoli,Accuracy,2025-07-16 09:19:32,ANT130LZ,527244-03
mdepaoli,Accuracy,2025-07-16 10:24:44,ANT130LZ,527244-03
mdepaoli,Accuracy,2025-07-16 10:32:10,ANT130LZ,527244-03
mdepaoli,Accuracy,2025-07-16 10:32:29,ANT130LZ,527244-03
mdepaoli,Accuracy,2025-07-16 10:42:28,ANT130LZ,527244-03
mdepaoli,Accuracy,2025-07-16 11:24:09,ANT130LZ,527244-02
mdepaoli,Accuracy,2025-07-16 11:33:10,ANT130LZ,527244-02
mdepaoli,Accuracy,2025-07-16 11:36:28,ANT130LZ,527244-02
mdepaoli,Accuracy,2025-07-16 11:46:15,ANT130LZ,527244-02
mdepaoli,Accuracy,2025-07-16 12:00:26,ANT130LZ,527244-02
mdepaoli,Accuracy,2025-07-16 12:35:01,ANT130LZ,527244-02
mdepaoli,Accuracy,2025-07-16 13:33:26,ANT130LZ,527244-02
mdepaoli,Accuracy,2025-07-16 13:47:45,ANT130LZ,527244-02
mdepaoli,Accuracy,2025-07-16 13:54:18,ANT130LZ,527244-02
mdepaoli,Accuracy,2025-07-16 14:07:35,ANT130LZ,527244-02
mdepaoli,Accuracy,2025-07-16 14:15:56,ANT130LZ,527244-02
mdepaoli,Flatness,2025-07-16 15:08:13,ANT130LZ,527244-02
mdepaoli,Flatness,2025-07-16 15:08:26,ANT130LZ,527244-02
mdepaoli,Flatness,2025-07-16 15:13:17,ANT130LZ,527244-02
mdepaoli,Flatness,2025-07-17 06:04:54,ANT130LZ,527244-02
mdepaoli,Flatness,2025-07-17 06:05:08,ANT130LZ,527244-02
mdepaoli,Flatness,2025-07-17 06:07:39,ANT130LZ,527244-02
mdepaoli,Straightness,2025-07-17 06:52:39,ANT130LZ,527244-02
mdepaoli,Accuracy,2025-07-17 07:02:11,ANT130LZ,527244-02
mdepaoli,Accuracy,2025-07-17 07:34:16,ANT130LZ,527244-02
mdepaoli,Accuracy,2025-07-17 07:40:55,ANT130LZ,527244-02
mdepaoli,Accuracy,2025-07-17 07:47:18,ANT130LZ,527244-02
mdepaoli,Accuracy,2025-07-17 07:55:14,ANT130LZ,527244-02
mdepaoli,Flatness,2025-07-17 08:16:53,ANT130LZ,527244-02
mdepaoli,Straightness,2025-07-17 08:20:48,ANT130LZ,527244-02
mdepaoli,Straightness,2025-07-17 08:21:08,ANT130LZ,527244-02
mdepaoli,Straightness,2025-07-17 08:21:14,ANT130LZ,527244-02
dyounge,Accuracy2D,2025-07-17 08:24:19,ES18837-6,508115-01
mdepaoli,Flatness,2025-07-17 08:26:00,ANT130LZ,527244-02
mdepaoli,Flatness,2025-07-17 08:26:09,ANT130LZ,527244-02
mdepaoli,Flatness,2025-07-17 08:29:26,ANT130LZ,527244-02
mdepaoli,Flatness,2025-07-17 08:36:59,ANT130LZ,527244-02
mdepaoli,Flatness,2025-07-17 08:37:22,ANT130LZ,527244-02
mdepaoli,Flatness,2025-07-17 09:02:14,ANT130LZ,527244-02
mdepaoli,Straightness,2025-07-17 09:22:20,ANT130LZ,527244-02
ajung,SixDegree,2025-07-17 09:23:53,PRO225LM-0200-TT1-E2-CMS3-PL2-TAS,530512-01
mdepaoli,Flatness,2025-07-17 09:28:19,ANT130LZ,527244-02
ajung,SixDegree,2025-07-17 09:47:55,PRO225LM-0200-TT1-E2-CMS3-PL2-TAS,530512-01
mdepaoli,Flatness,2025-07-17 10:25:12,ANT130LZ,527244-02
mdepaoli,Flatness,2025-07-17 10:46:17,ANT130LZ,527244-02
cdelsignore,SixDegree,2025-07-17 10:52:31,FIBERMAXHP-ZXY,522291-01
mdepaoli,Flatness,2025-07-17 11:28:07,ANT130LZ,527244-02
mdepaoli,Flatness,2025-07-17 11:28:16,ANT130LZ,527244-02
mdepaoli,Flatness,2025-07-17 11:33:49,ANT130LZ,527244-02
mdepaoli,Flatness,2025-07-17 11:33:57,ANT130LZ,527244-02
mdepaoli,Flatness,2025-07-17 11:36:45,ANT130LZ,527244-02
mdepaoli,Flatness,2025-07-17 11:47:11,ANT130LZ,527244-02
mdepaoli,Flatness,2025-07-17 11:47:19,ANT130LZ,527244-02
mdepaoli,Flatness,2025-07-17 11:49:44,ANT130LZ,527244-02
mdepaoli,Flatness,2025-07-17 11:49:51,ANT130LZ,527244-02
mdepaoli,Flatness,2025-07-17 11:49:58,ANT130LZ,527244-02
mdepaoli,Flatness,2025-07-17 11:53:49,ANT130LZ,527244-02
ajung,SixDegree,2025-07-17 11:54:20,PRO225LM-0200-TT1-E2-CMS3-PL2-TAS,530512-01
dyounge,Accuracy2D,2025-07-17 12:47:31,ES18837-6,508115-01
mdepaoli,Flatness,2025-07-17 12:56:06,ANT130LZ,527244-02
mdepaoli,Flatness,2025-07-17 12:56:15,ANT130LZ,527244-02
mdepaoli,Accuracy,2025-07-17 13:39:32,ANT130LZ,527244-02
mdepaoli,Accuracy,2025-07-17 13:39:43,ANT130LZ,527244-02
mdepaoli,Accuracy,2025-07-17 13:59:01,ANT130LZ,527244-02
mdepaoli,Accuracy,2025-07-17 14:03:07,ANT130LZ,527244-02
mdepaoli,Accuracy,2025-07-17 14:03:17,ANT130LZ,527244-02
mdepaoli,Accuracy,2025-07-17 14:12:27,ANT130LZ,527244-02
mdepaoli,Accuracy,2025-07-17 14:12:39,ANT130LZ,527244-02
mdepaoli,Flatness,2025-07-17 14:37:49,ANT130LZ,527244-02
mdepaoli,Flatness,2025-07-17 14:38:00,ANT130LZ,527244-02
mdepaoli,Flatness,2025-07-17 14:42:34,ANT130LZ,527244-02
mdepaoli,Flatness,2025-07-17 14:42:47,ANT130LZ,527244-02
mdepaoli,Flatness,2025-07-18 06:09:46,ANT130LZ,527244-02
mdepaoli,Flatness,2025-07-18 06:10:01,ANT130LZ,527244-02
mdepaoli,Flatness,2025-07-18 06:46:28,ANT130LZ,527244-01
mdepaoli,Flatness,2025-07-18 06:47:43,ANT130LZ,527244-01
mdepaoli,Flatness,2025-07-18 06:50:41,ANT130LZ,527244-01
mdepaoli,Flatness,2025-07-18 06:50:51,ANT130LZ,527244-01
mdepaoli,Flatness,2025-07-18 06:52:27,ANT130LZ,527244-01
mdepaoli,Straightness,2025-07-18 07:01:58,ANT130LZ,527244-01
mdepaoli,Accuracy,2025-07-18 07:16:13,ANT130LZ,527244-01
mdepaoli,Accuracy,2025-07-18 07:16:25,ANT130LZ,527244-01
dyounge,SixDegree,2025-07-18 07:20:41,ES17293-5,524852-01
mdepaoli,Accuracy,2025-07-18 07:52:03,ANT130LZ,527244-01
dyounge,SixDegree,2025-07-18 07:53:51,ES17293-5,524852-01
mdepaoli,Accuracy,2025-07-18 07:55:04,ANT130LZ,527244-01
mdepaoli,Accuracy,2025-07-18 07:58:19,ANT130LZ,527244-01
mdepaoli,Accuracy,2025-07-18 07:58:59,ANT130LZ,527244-01
mdepaoli,Accuracy,2025-07-18 08:02:04,ANT130LZ,527244-01
nguy,Accuracy2D,2025-07-18 08:42:52,ES18837,507845-02
mdepaoli,Accuracy,2025-07-18 08:51:42,ANT130LZ,527244-01
cdelsignore,Accuracy1DXY,2025-07-18 09:05:12,FIBERMAXHP-ZXY,522264-01
cdelsignore,Accuracy1DXY,2025-07-18 09:06:03,FIBERMAXHP-ZXY,522264-01
cdelsignore,Accuracy1DXY,2025-07-18 09:07:20,FIBERMAXHP-ZXY,522264-01
mdepaoli,Accuracy,2025-07-18 09:09:50,ANT130LZ,527244-01
nguy,Accuracy2D,2025-07-18 09:14:43,ES18837,507845-02
cdelsignore,Accuracy1DXY,2025-07-18 09:18:27,FIBERMAXHP-ZXY,522264-01
mdepaoli,Accuracy,2025-07-18 09:19:15,ANT130LZ,527244-01
mdepaoli,Accuracy,2025-07-18 09:27:42,ANT130LZ,527244-01
cdelsignore,Accuracy1DXY,2025-07-18 09:55:27,FIBERMAXHP-ZXY,522264-01
mdepaoli,Accuracy,2025-07-18 10:09:18,ANT130LZ,527244-01
mdepaoli,Accuracy,2025-07-18 10:18:46,ANT130LZ,527244-01
mdepaoli,Accuracy,2025-07-18 10:21:48,ANT130LZ,527244-01
mdepaoli,Accuracy,2025-07-18 10:24:08,ANT130LZ,527244-01
mdepaoli,Accuracy,2025-07-18 10:24:19,ANT130LZ,527244-01
mdepaoli,Accuracy,2025-07-18 10:33:05,ANT130LZ,527244-01
mdepaoli,Accuracy,2025-07-18 10:45:37,ANT130LZ,527244-01
mdepaoli,Accuracy,2025-07-18 11:08:41,ANT130LZ,527244-01
mdepaoli,Accuracy,2025-07-18 11:29:33,ANT130LZ,527244-01
mdepaoli,Accuracy,2025-07-18 11:37:26,ANT130LZ,527244-01
mdepaoli,Accuracy,2025-07-18 11:40:30,ANT130LZ,527244-01
mdepaoli,Accuracy,2025-07-18 11:46:08,ANT130LZ,527244-01
mdepaoli,Accuracy,2025-07-18 11:51:21,ANT130LZ,527244-01
mdepaoli,Accuracy,2025-07-18 11:57:16,ANT130LZ,527244-01
mdepaoli,Accuracy,2025-07-18 12:36:40,ANT130LZ,527244-01
mdepaoli,Accuracy,2025-07-18 12:43:23,ANT130LZ,527244-01
dyounge,SixDegree,2025-07-18 12:47:49,ANT130LZS-060-ES17293-2,524865-02
mdepaoli,Accuracy,2025-07-18 12:49:12,ANT130LZ,527244-01
mdepaoli,Accuracy,2025-07-18 12:54:57,ANT130LZ,527244-01
mdepaoli,Accuracy,2025-07-18 12:58:50,ANT130LZ,527244-01
mdepaoli,Accuracy,2025-07-18 13:11:48,ANT130LZ,527244-01
mdepaoli,Accuracy,2025-07-18 13:14:52,ANT130LZ,527244-01
mdepaoli,Accuracy,2025-07-18 13:23:36,ANT130LZ,527244-01
mdepaoli,Accuracy,2025-07-18 13:32:52,ANT130LZ,527244-01
mdepaoli,Accuracy,2025-07-18 13:41:19,ANT130LZ,527244-01
mdepaoli,Accuracy,2025-07-18 13:44:19,ANT130LZ,527244-01
mdepaoli,Accuracy,2025-07-18 13:47:11,ANT130LZ,527244-01
mdepaoli,Accuracy,2025-07-18 13:47:34,ANT130LZ,527244-01
mdepaoli,Accuracy,2025-07-18 13:57:30,ANT130LZ,527244-01
mdepaoli,Accuracy,2025-07-18 14:06:38,ANT130LZ,527244-01
mdepaoli,Accuracy,2025-07-18 14:09:39,ANT130LZ,527244-01
dyounge,SixDegree,2025-07-18 14:32:35,ANT130LZS-060-ES17293-2,524865-01
dyounge,Accuracy,2025-07-18 14:37:13,ANT130LZS-060-ES17293-2,524865-01
dyounge,SixDegree,2025-07-18 14:40:45,ANT130LZS-060-ES17293-2,524865-01
dyounge,SixDegree,2025-07-18 14:44:05,ANT130LZS-060-ES17293-2,524865-01
dyounge,SixDegree,2025-07-18 14:51:29,ANT130LZS-060-ES17293-2,524865-01
nguy,Accuracy2D,2025-07-18 15:16:27,ES18837,507845-02
nguy,Accuracy2D,2025-07-18 15:19:18,ES18837,507845-02
dyounge,Flatness,2025-07-21 06:59:58,ANT130LZS-060-ES17293-2,524865-01
dyounge,SixDegree,2025-07-21 07:19:59,ANT130LZS-060-ES17293-2,524865-01
nguy,Accuracy2D,2025-07-21 08:15:15,ES18837,507845-02
dyounge,Accuracy2D,2025-07-21 09:33:26,ES18837-6,642065-01
mtrozzi,Accuracy,2025-07-21 10:44:06,ES19347-1,520626-01
nguy,Accuracy2D,2025-07-21 11:16:50,ES18837,507845-02
cdelsignore,Accuracy,2025-07-21 12:30:48,AGS1000-ES19619-2-Leader,521700-01
ajung,SixDegree,2025-07-21 14:04:51,PRO165LM-0100-TT2-E1-CMS4-PL2-TAS,522054-05
mtrozzi,Accuracy,2025-07-22 11:30:27,ES19347-1,520618-01
mtrozzi,Accuracy,2025-07-22 12:20:02,ES19347-1,520618-01
mtrozzi,Accuracy,2025-07-22 12:28:18,ES19347-1,520618-01
nguy,Accuracy2D,2025-07-23 08:53:21,ES18837,507845-04
nguy,Accuracy2D,2025-07-23 09:00:11,ES18837,507845-04
nguy,Accuracy2D,2025-07-23 09:19:04,ES18837,507845-04
ajung,SixDegree,2025-07-23 09:53:13,PRO115SL-150-TT2-M1-FB2-12-LI1-PL2-TAS,507797-01
ajung,SixDegree,2025-07-23 09:53:48,PRO115SL-150-TT2-M1-FB2-12-LI1-PL2-TAS,507797-01
bmowry,Straightness,2025-07-23 15:54:31,ABL1500WB-200-E3,518262-01
bmowry,Straightness,2025-07-23 16:34:49,ABL1500WB-200-E3,518262-01
bmowry,Straightness,2025-07-23 16:35:20,ABL1500WB-200-E3,518262-01
bmowry,Straightness,2025-07-23 16:37:22,ABL1500WB-200-E3,518262-01
bmowry,Accuracy,2025-07-23 17:11:10,ABL1500WB,518262-01
bmowry,Flatness,2025-07-24 09:36:38,ABL1500-100-E3,518266-01
bmowry,Straightness,2025-07-24 09:43:51,ABL1500-100-E3,518266-01
bmowry,Straightness,2025-07-24 09:45:56,ABL1500-100-E3,518266-01
bmowry,Straightness,2025-07-24 09:47:29,ABL1500-100-E3,518266-01
bmowry,Straightness,2025-07-24 09:49:05,ABL1500-100-E3,518266-01
dyounge,Accuracy,2025-07-24 11:03:50,ABL1500-300,520144-01
dyounge,Accuracy,2025-07-24 11:10:59,ABL1500-300,520144-01
nguy,Accuracy2D,2025-07-24 11:12:50,ES18837,507845-04
nguy,Accuracy2D,2025-07-24 11:13:52,ES18837,507845-04
nguy,Accuracy2D,2025-07-24 11:15:28,ES18837,507845-04
nguy,Accuracy2D,2025-07-24 11:41:50,ES18837,507845-04
dyounge,Accuracy,2025-07-24 11:43:16,ABL1500-300,520144-01
dyounge,Accuracy,2025-07-24 11:53:05,ABL1500-300,520144-01
dyounge,Accuracy,2025-07-24 11:54:54,ABL1500-300,520144-01
bmowry,Straightness,2025-07-24 12:40:30,ABL1500Z-050-E3,518267-01
bmowry,Flatness,2025-07-24 13:10:21,ABL1500Z-050-E3,518267-01
bmowry,Accuracy,2025-07-24 13:22:09,ABL1500Z-050-E3,518267-01
bmowry,Accuracy,2025-07-24 13:25:39,ABL1500Z-050-E3,518267-01
mtrozzi,Accuracy2D,2025-07-28 07:23:26,ES18837-6,507845-03
ajung,SixDegree,2025-07-28 09:48:22,PRO165SL-100-TT1-M6-3-LI1-CP2-TCMP-PL2-TAS,516421-01
ajung,SixDegree,2025-07-28 09:56:03,PRO165SL-100-TT1-M6-3-LI1-CP2-TCMP-PL2-TAS,516421-01
gschliffka,SixDegree,2025-07-30 10:18:06,ANT130LZS-060-ES17293-2,524884-01
gschliffka,Accuracy,2025-07-30 10:25:59,ANT130LZS-060-ES17293-2,524884-01
gschliffka,SixDegree,2025-07-30 10:42:55,ANT130LZS-060-ES17293-2,524884-01
gschliffka,Accuracy,2025-07-30 10:46:59,ANT130LZS-060-ES17293-2,524884-01
gschliffka,SixDegree,2025-07-30 12:46:42,ANT130LZS-060-ES17293-2,524884-01
gschliffka,SixDegree,2025-07-30 12:58:13,ANT130LZS-060-ES17293-2,524884-01
nguy,Flatness,2025-07-31 15:06:26,PlanarDL-200XY,525307-01
nguy,Flatness,2025-07-31 15:38:48,PlanarDL-200XY,525307-01
mtrozzi,Accuracy,2025-08-01 08:31:03,AGS1000-ES19619-2,521700-01
nguy,Accuracy1DXY,2025-08-01 08:49:57,PlanarDL-200XY,525307-01
mtrozzi,Accuracy,2025-08-01 08:52:57,AGS1000-ES19619-2,521700-01
mtrozzi,Accuracy,2025-08-01 08:56:40,AGS1000-ES19619-2,521700-01
bmowry,Accuracy2D,2025-08-01 09:16:05,ALS20035-ES15925-03,518496-01
bmowry,Accuracy2D,2025-08-01 09:16:52,ALS20035-ES15925-03,518496-01
mtrozzi,Accuracy,2025-08-01 10:14:32,AGS1000-ES19619-2,521700-01
mtrozzi,Accuracy,2025-08-01 10:15:24,AGS1000-ES19619-2,521700-01
mtrozzi,Accuracy,2025-08-01 10:15:34,AGS1000-ES19619-2,521700-01
nguy,Accuracy1DXY,2025-08-01 10:20:00,PlanarDL-200XY,525307-01
mtrozzi,Accuracy,2025-08-01 10:28:12,AGS1000-ES19619-2,521700-01
nguy,Accuracy1DXY,2025-08-01 11:37:20,PlanarDL-200XY,525307-01
gschliffka,Accuracy2D,2025-08-01 12:31:40,PlanarHD-400-400-ES20029,494126-01
gschliffka,Repeat2D,2025-08-01 15:03:37,PlanarHD-400-400-ES20029,494126-01
gschliffka,Repeat2D,2025-08-01 15:09:38,PlanarHD-400-400-ES20029,494126-01
mtrozzi,Repeat2D,2025-08-04 08:56:13,PlanarHD-ES20029,494126-01
nguy,Accuracy1DXY,2025-08-04 09:04:18,PlanarDL-200XY,525307-01
nguy,Accuracy1DXY,2025-08-04 09:20:17,PlanarDL-200XY,525307-01
nguy,SixDegree,2025-08-05 08:54:59,ANT130LZS-060,524927-03
gschliffka,SixDegree,2025-08-06 11:52:51,WaferMaxZ-ES15925,519537-01
gschliffka,SixDegree,2025-08-06 11:58:32,WaferMaxZ-ES15925,519537-01
gschliffka,SixDegree,2025-08-06 12:22:53,WaferMaxZ-ES15925,519537-01
blamouree,SixDegree,2025-08-06 14:17:57,ES20104-1,515475-01
blamouree,SixDegree,2025-08-06 15:15:52,ES20104-1,515475-01
blamouree,SixDegree,2025-08-06 16:04:35,ES20104-1,515475-01
gschliffka,Accuracy1DXY,2025-08-07 07:26:29,ANT130XY-160-E4-MP,524330-01
gschliffka,SixDegree,2025-08-07 08:27:43,FA90-ES15925,519540-01
gschliffka,SixDegree,2025-08-07 08:40:51,FA90-ES15925,519540-01
gschliffka,SixDegree,2025-08-07 08:45:07,FA90-ES15925,519540-01
nguy,SixDegree,2025-08-07 09:07:50,ANT180L-360-ES16890-72,502652-01
gschliffka,SixDegree,2025-08-07 09:42:05,FA90-ES15925,519540-02
nguy,SixDegree,2025-08-07 10:07:23,ANT180L-360-ES16890-72,502652-01
gschliffka,SixDegree,2025-08-07 10:26:35,FA90-ES15925,519541-01
nguy,SixDegree,2025-08-07 11:03:33,ANT180L-360-ES16890-72,502652-01
nguy,SixDegree,2025-08-07 11:28:32,ANT130LZS-160-ES16890-72,502675-01
nguy,SixDegree,2025-08-11 15:18:05,ANT180L-360-ES16890-72,502652-01
dyounge,SixDegree,2025-08-13 13:52:32,ANT180L-260,508621-01
dyounge,SixDegree,2025-08-14 06:49:55,ANT180L-260,508621-01
dyounge,SixDegree,2025-08-14 07:09:21,ANT180L-260,508621-01
dyounge,SixDegree,2025-08-14 07:38:20,ANT180L-260,508621-01
dyounge,SixDegree,2025-08-14 08:29:41,ANT180L-260,508621-01
dyounge,SixDegree,2025-08-14 11:32:24,ANT95L-100,508622-01
dyounge,SixDegree,2025-08-14 11:46:47,ANT95L-100,508622-01
dyounge,SixDegree,2025-08-15 07:45:24,ANT180L-260,508621-01
nguy,Accuracy2D,2025-08-15 11:20:46,PRO225LM-150,525827-01
nguy,Accuracy2D,2025-08-15 11:26:57,PRO225LM-150,525827-01
nguy,Accuracy2D,2025-08-15 11:28:09,PRO225LM-150,525827-01
nguy,Accuracy2D,2025-08-15 11:29:58,PRO225LM-150,525827-01
nguy,Accuracy2D,2025-08-15 12:37:02,PRO280LM-400,525827-01
nguy,Accuracy2D,2025-08-15 12:37:18,PRO280LM-400,525827-01
nguy,Accuracy2D,2025-08-15 15:24:23,PRO280LM-400,525827-01
gschliffka,Accuracy1DXY,2025-08-18 13:28:41,ANT130XY-160-E1-CN1-CMS3-MP-PL3-TAC,528707-02
dyounge,Flatness,2025-08-19 12:44:55,PlanarHD-500-500-ES20058,514270-01
dyounge,Flatness,2025-08-19 12:45:21,PlanarHD-500-500-ES20058,514270-01
dyounge,Flatness,2025-08-19 12:53:03,PlanarHD-500-500-ES20058,514270-01
dyounge,Flatness,2025-08-19 13:27:10,PlanarHD-500-500-ES20058,514270-01
dyounge,Flatness,2025-08-19 13:29:31,PlanarHD-500-500-ES20058,514270-01
dyounge,Accuracy,2025-08-19 14:10:47,PlanarHD-500-500-ES20058,514270-01
dyounge,Flatness,2025-08-19 14:31:50,PlanarHD-500-500-ES20058,514270-01
dyounge,Flatness,2025-08-19 14:52:37,PlanarHD-500-500-ES20058,514270-01
dyounge,Flatness,2025-08-20 06:28:37,PlanarHD-500-500-ES20058,514270-01
dyounge,Flatness,2025-08-20 06:48:03,PlanarHD-500-500-ES20058,514270-01
dyounge,Flatness,2025-08-20 07:13:14,PlanarHD-500-500-ES20058,514270-01
dyounge,Flatness,2025-08-20 07:18:58,PlanarHD-500-500-ES20058,514870-01
dyounge,Flatness,2025-08-20 07:23:58,PlanarHD-500-500-ES20058,514870-01
dyounge,Flatness,2025-08-20 07:25:01,PlanarHD-500-500-ES20058,514870-01
dyounge,Flatness,2025-08-20 07:27:47,PlanarHD-500-500-ES20058,514870-01
dyounge,Flatness,2025-08-20 08:28:12,PlanarHD-500-500-ES20058,514870-01
dyounge,Flatness,2025-08-20 08:30:10,PlanarHD-500-500-ES20058,514870-01
dyounge,Accuracy,2025-08-20 09:20:58,PlanarHD-500-500-ES20058,514870-01
dyounge,Accuracy,2025-08-20 10:52:01,PlanarHD-500-500-ES20058,514870-01
dyounge,Accuracy,2025-08-20 10:58:57,PlanarHD-500-500-ES20058,514870-01
dyounge,Accuracy,2025-08-20 11:00:44,PlanarHD-500-500-ES20058,514870-01
dyounge,Accuracy,2025-08-20 11:05:59,PlanarHD-500-500-ES20058,514870-01
dyounge,Accuracy,2025-08-20 11:34:08,PlanarHD-500-500-ES20058,514870-01
dyounge,Accuracy,2025-08-20 11:47:06,PlanarHD-500-500-ES20058,514870-01
dyounge,Accuracy,2025-08-20 11:47:42,PlanarHD-500-500-ES20058,514870-01
dyounge,Accuracy,2025-08-20 11:56:49,PlanarHD-500-500-ES20058,514870-01
gschliffka,Straightness,2025-08-20 11:59:21,ANT130LZS-160-ES16890-72,502662-01
dyounge,Accuracy,2025-08-20 13:11:26,PlanarHD-500-500-ES20058,514870-01
dyounge,Accuracy,2025-08-20 14:01:52,PlanarHD-500-500-ES20058,514870-01
gschliffka,SixDegree,2025-08-20 14:23:38,ANT130LZS-160-ES16890-72,502662-01
dyounge,Accuracy,2025-08-20 16:02:17,PlanarHD-500-500-ES20058,514870-01
gschliffka,SixDegree,2025-08-20 19:01:27,ANT180L-360-ES16890-72,502663-01
dyounge,Accuracy,2025-08-20 21:38:47,PlanarHD-500-500-ES20058,514870-01
mtrozzi,Accuracy1DXY,2025-08-21 08:16:13,ANT130-XY,532426-01
mtrozzi,Accuracy1DXY,2025-08-21 08:25:28,ANT130-XY,532426-01
mtrozzi,Accuracy1DXY,2025-08-21 08:34:41,ANT130-XY,532426-01
bmowry,SixDegree,2025-08-21 12:22:09,ES16715-18 (Leader),516387-01
bmowry,SixDegree,2025-08-21 14:24:09,ES16715-18 (Follower),516387-01
dyounge,Accuracy2D,2025-08-22 08:22:34,PlanarDL-300XY,519147-01
dyounge,Accuracy2D,2025-08-22 08:45:58,PlanarDL-300XY,519147-01
bmowry,SixDegree,2025-08-22 09:03:42,ES16715-18 (Follower),516387-01
bmowry,SixDegree,2025-08-22 09:19:25,ES16715-18 (Follower),516387-01
bmowry,SixDegree,2025-08-22 09:26:43,ES16715-18 (Follower),516387-01
bmowry,SixDegree,2025-08-22 09:30:37,ES16715-18 (Follower),516387-01
dyounge,SixDegree,2025-08-22 11:44:06,ANT95LZ-025,527550-01
tbates,SixDegree,2025-08-22 12:12:01,HEX300-230HL,229605-01
tbates,SixDegree,2025-08-22 12:15:14,HEX300-230HL,229605-01
dyounge,Accuracy,2025-08-22 12:20:48,ANT95LZ-025,527550-01
dyounge,Straightness,2025-08-22 13:10:34,ANT95LZ-025,527550-02
dyounge,Accuracy,2025-08-22 13:26:17,ANT95LZ-025,527550-02
dyounge,Accuracy,2025-08-22 13:44:28,ANT95LZ-025,527550-02
dyounge,Accuracy,2025-08-22 14:00:23,ANT95LZ-025,527550-02
dyounge,Accuracy,2025-08-22 14:27:45,ANT95LZ-025,527550-02
dyounge,Accuracy,2025-08-22 14:31:02,ANT95LZ-025,527550-02
dyounge,SixDegree,2025-08-22 14:33:42,ANT95LZ-025,527550-02
dyounge,SixDegree,2025-08-22 14:35:35,ANT95LZ-025,527550-02
dyounge,Flatness,2025-08-22 14:38:10,ANT95LZ-025,527550-02
dyounge,SixDegree,2025-08-22 14:40:42,ANT95LZ-025,527550-02
dyounge,SixDegree,2025-08-22 14:42:41,ANT95LZ-025,527550-02
dyounge,SixDegree,2025-08-22 14:49:16,ANT95LZ-025,527550-02
nguy,Accuracy1DXY,2025-08-22 16:10:13,ANT95XY-050,526567-01
dyounge,SixDegree,2025-08-25 08:03:56,ANT95LZ-025,527550-02
dyounge,SixDegree,2025-08-25 08:23:57,ANT95LZ-025,527550-02
dyounge,SixDegree,2025-08-25 08:33:26,ANT95LZ-025,527550-02
dyounge,SixDegree,2025-08-25 08:34:42,ANT95LZ-025,527550-02
dyounge,SixDegree,2025-08-25 08:54:07,ANT95LZ-025,527550-02
dyounge,SixDegree,2025-08-25 08:56:56,ANT95LZ-025,527550-02
dyounge,Accuracy,2025-08-25 09:05:24,PlanarHD-500-500-ES20058,514870-01
dyounge,SixDegree,2025-08-25 09:17:35,ANT95LZ-025,527550-02
dyounge,SixDegree,2025-08-25 09:19:44,ANT95LZ-025,527550-02
dyounge,SixDegree,2025-08-25 09:22:01,ANT95LZ-025,527550-02
dyounge,Accuracy,2025-08-25 09:24:05,ANT95LZ-025,527550-02
dyounge,SixDegree,2025-08-25 09:26:49,ANT95LZ-025,527550-02
dyounge,SixDegree,2025-08-25 09:29:25,ANT95LZ-025,527550-02
dyounge,Accuracy2D,2025-08-25 09:52:31,PlanarDL-300XY-200,519147-01
bmowry,Accuracy2D,2025-08-25 09:53:13,PRO165LM-0310,529015-01
dyounge,SixDegree,2025-08-25 09:53:14,ANT95LZ-025,527550-02
dyounge,SixDegree,2025-08-25 09:56:19,ANT95LZ-025,527550-02
dyounge,SixDegree,2025-08-25 10:00:23,ANT95LZ-025,527550-02
dyounge,SixDegree,2025-08-25 10:07:18,ANT95LZ-025,527550-02
dyounge,SixDegree,2025-08-25 10:09:59,ANT95LZ-025,527550-02
dyounge,SixDegree,2025-08-25 10:12:56,ANT95LZ-025,527550-02
dyounge,SixDegree,2025-08-25 10:15:06,ANT95LZ-025,527550-02
dyounge,SixDegree,2025-08-25 10:41:54,ANT95LZ-025,527550-02
dyounge,SixDegree,2025-08-25 10:43:59,ANT95LZ-025,527550-02
dyounge,SixDegree,2025-08-25 10:46:14,ANT95LZ-025,527550-02
dyounge,SixDegree,2025-08-25 10:49:16,ANT95LZ-025,527550-02
bmowry,Accuracy2D,2025-08-25 15:59:02,PRO165LM-0310,529015-01
gschliffka,Accuracy1DXY,2025-08-26 07:16:15,ANT95XY-050-E1-MP,526712-01
dyounge,SixDegree,2025-08-26 07:34:52,PRO190LM-0400,516360-01
dyounge,SixDegree,2025-08-26 07:40:05,PRO190LM-0400,516360-01
dyounge,SixDegree,2025-08-26 07:56:17,PRO190LM-0400,516360-01
dyounge,SixDegree,2025-08-26 08:00:56,PRO190LM-0400,516360-01
bmowry,Accuracy2D,2025-08-26 09:18:04,PRO165LM-0310,529015-01
dyounge,Straightness,2025-08-26 11:52:17,ANT95L-05,529741-01
dyounge,SixDegree,2025-08-26 13:20:30,PlanarHD-500-500-ES20058,514993-01
dyounge,SixDegree,2025-08-26 15:19:39,PlanarHD-500-500-ES20058,514870-01
bmowry,Accuracy,2025-08-27 09:43:48,Wafermax Z,464035-02
mtrozzi,Accuracy,2025-08-27 10:11:04,PRO225LM-0536-ES19347-02,520681-01
mtrozzi,Accuracy,2025-08-27 11:32:51,ES19347-1 (AGS10000),520661-01
mtrozzi,Accuracy,2025-08-27 11:33:25,ES19347-1 (AGS10000),520661-01
blamouree,SixDegree,2025-08-27 11:39:26,PlanarHD-500-500-ES20058,514870-01
bmowry,Accuracy,2025-08-27 11:53:17,Wafermax Z,464035-01
blamouree,SixDegree,2025-08-27 12:49:32,PlanarHD-500-500-ES20058,514870-01
mtrozzi,Accuracy,2025-08-27 12:51:48,ES19347-1 (AGS10000),520661-01
mtrozzi,Accuracy,2025-08-27 12:52:02,ES19347-1 (AGS10000),520661-01
mtrozzi,Accuracy,2025-08-27 12:52:20,ES19347-1 (AGS10000),520661-01
blamouree,SixDegree,2025-08-27 12:59:07,PlanarHD-500-500-ES20058,514870-01
blamouree,SixDegree,2025-08-27 13:54:05,PlanarHD-500-500-ES20058,514870-01
mtrozzi,Accuracy,2025-08-27 14:44:04,ES19347-1 (AGS10000),520661-01
mtrozzi,Accuracy,2025-08-27 14:56:00,ES19347-1 (AGS10000),520661-01
mtrozzi,Accuracy,2025-08-27 15:04:24,ES19347-1 (AGS10000),520661-01
mtrozzi,Accuracy,2025-08-27 15:04:45,ES19347-1 (AGS10000),520661-01
blamouree,SixDegree,2025-08-27 15:05:36,PlanarHD-500-500-ES20058,514870-01
mtrozzi,Accuracy,2025-08-27 15:13:59,ES19347-1 (AGS10000),520661-01
gschliffka,Accuracy1DXY,2025-08-28 08:11:24,PlanarDL-300XY-M3-E1,526499-01
nguy,Accuracy1DXY,2025-08-28 08:11:46,ANT95XY-050,526567-01
blamouree,Accuracy,2025-08-28 09:26:29,PlanarHD-500-500-ES20058,514870-01
nguy,Accuracy1DXY,2025-08-28 10:56:11,ANT95XY-050,526567-01
nguy,Accuracy1DXY,2025-08-28 10:57:16,ANT95XY-050,526567-01
nguy,Accuracy1DXY,2025-08-28 10:57:50,ANT95XY-050,526567-01
nguy,Accuracy1DXY,2025-08-28 11:01:12,ANT95XY-050,526567-01
nguy,Accuracy1DXY,2025-08-28 11:16:59,ANT95XY-050,526567-01
nguy,Accuracy1DXY,2025-08-28 11:31:15,ANT95XY-050,526567-01
nguy,Accuracy1DXY,2025-08-28 11:42:07,ANT95XY-050,526567-01
dyounge,Flatness,2025-08-28 12:04:42,PlanarDL-200XY,522737-01
dyounge,Flatness,2025-08-28 12:54:28,PlanarDL-200XY,522737-01
dyounge,Flatness,2025-08-28 12:56:29,PlanarDL-200XY,522737-01
dyounge,Flatness,2025-08-28 12:58:44,PlanarDL-200XY,522737-01
bmowry,Accuracy2D,2025-08-28 12:59:45,PRO165LM-0310,529028-01
nguy,Accuracy2D,2025-08-28 13:09:55,ANT95XY-050,526567-01
nguy,Flatness,2025-08-28 13:39:16,ANT95XY-050,526567-01
dyounge,Flatness,2025-08-28 13:41:21,PlanarDL-200XY,522737-01
dyounge,Flatness,2025-08-28 13:46:39,PlanarDL-200XY,522737-01
nguy,Flatness,2025-08-28 13:50:26,ANT95XY-050,526567-01
nguy,Flatness,2025-08-28 13:51:36,ANT95XY-050,526567-01
dyounge,Accuracy2D,2025-08-28 14:26:32,PlanarDL-200XY,522737-01
dyounge,Accuracy2D,2025-08-28 14:28:24,PlanarDL-200XY,522737-01
bmowry,Accuracy2D,2025-08-28 17:09:10,PRO165LM-0310,529028-01
dyounge,Accuracy2D,2025-08-29 08:41:14,PlanarDL-200XY,522737-01
nguy,SixDegree,2025-08-29 09:07:08,ANT95V-3,526568-01
nguy,SixDegree,2025-08-29 09:10:35,ANT95V-3,526568-01
blamouree,SixDegree,2025-08-29 10:44:11,ANT95LZS-025-E4,514872-01
blamouree,SixDegree,2025-08-29 10:46:03,ANT95LZS-025-E4,514872-01
blamouree,SixDegree,2025-08-29 10:47:18,ANT95LZS-025-E4,514872-01
nguy,Accuracy,2025-08-29 11:26:41,ANT95V-3,526568-01
nguy,SixDegree,2025-08-29 12:13:16,ANT95V-3,526568-01
mtrozzi,Accuracy1DXY,2025-08-29 16:16:59,PlanarDL-200XY-ES18021,522737-01
cdelsignore,Accuracy,2025-09-02 10:00:30,PRO115SL-150,519932-01
cdelsignore,Accuracy,2025-09-02 10:11:39,PRO115SL-150,519932-01
cdelsignore,SixDegree,2025-09-02 12:43:40,ANT130V-5,531237-01
cdelsignore,SixDegree,2025-09-02 13:00:33,ANT130V-5,531237-01
mtrozzi,Accuracy1DXY,2025-09-03 08:05:55,PlanarDL-300XY,526499-01
nguy,SixDegree,2025-09-03 10:52:51,LaserTurn5,527108-01
blamouree,SixDegree,2025-09-03 14:58:21,ANT95LZS-025-E4,514872-01
blamouree,SixDegree,2025-09-03 14:58:56,ANT95LZS-025-E4,514872-01
blamouree,Accuracy2D,2025-09-04 12:23:25,PlanarHD-500-500-ES20058,514870-01
blamouree,Accuracy2D,2025-09-04 12:27:08,PlanarHD-500-500-ES20058,514870-01
blamouree,Accuracy2D,2025-09-05 10:05:38,PlanarHD-500-500-ES20058,514993-01
blamouree,Accuracy2D,2025-09-05 10:07:05,PlanarHD-500-500-ES20058,514993-01
cdelsignore,Flatness,2025-09-05 13:21:29,PlanarDL-200XY,531236-01
dyounge,SixDegree,2025-09-08 08:17:07,MPS50SV-10-ES20058,514871-03
mtrozzi,Accuracy1DXY,2025-09-08 08:45:04,PlanarDL-200XY,531236-01
cdelsignore,Accuracy1DXY,2025-09-08 09:59:40,PlanarDL-200XY,531236-01
cdelsignore,SixDegree,2025-09-08 12:09:22,ANT95L-025,468258-01
cdelsignore,Straightness,2025-09-08 13:09:16,PlanarDL-200XY,531236-01
cdelsignore,Straightness,2025-09-08 13:25:48,PlanarDL-200XY,531236-01
cdelsignore,Accuracy1DXY,2025-09-08 13:29:18,PlanarDL-200XY,531236-01
cdelsignore,Accuracy1DXY,2025-09-08 14:35:56,PlanarDL-200XY,531236-01
bmowry,SixDegree,2025-09-09 13:00:35,ALS50100-ES17949,507311-01
mtrozzi,SixDegree,2025-09-10 08:28:20,ANT95L-025-E1,468258-04
mtrozzi,SixDegree,2025-09-10 08:31:30,ANT95L-025-E1,468258-04
cdelsignore,Accuracy,2025-09-10 08:32:55,AGV3D,531679-01
cdelsignore,Accuracy,2025-09-10 08:37:28,AGV3D,531679-01
fbello,SixDegree,2025-09-10 16:39:45,ANT130LZS,519131-04-LZS-X-2
gschliffka,Accuracy1DXY,2025-09-11 08:46:44,PlanarDLA-330XY-M4-E1,527831-01
cdelsignore,Accuracy,2025-09-11 15:15:16,ANT130L-260-ES16890-66,526878-01
cdelsignore,Accuracy,2025-09-11 15:15:38,ANT130L-260-ES16890-66,526878-01
cdelsignore,Accuracy,2025-09-11 15:15:50,ANT130L-260-ES16890-66,526878-01
nguy,Accuracy2D,2025-09-11 15:31:33,ES18837,529031-01
cdelsignore,Accuracy,2025-09-12 08:44:49,ANT130L-260-ES16890-66,526878-01
cdelsignore,Accuracy,2025-09-12 10:04:23,ANT95LZS-100-ES16890-66,526879-01
cdelsignore,Accuracy,2025-09-12 15:24:02,ANT95LZS-100-ES16890-66,526879-01
cdelsignore,SixDegree,2025-09-16 08:44:08,PRO190SL-400,477203-01
cdelsignore,SixDegree,2025-09-16 09:39:00,PRO190SL-400,477203-01
cdelsignore,SixDegree,2025-09-16 09:44:33,PRO190SL-400,477203-01
cdelsignore,SixDegree,2025-09-16 09:45:57,PRO190SL-400,477203-01
cdelsignore,SixDegree,2025-09-16 10:48:59,PRO190SL-400,477203-01
cdelsignore,SixDegree,2025-09-17 08:29:57,PRO280SL-500,532045-01
cdelsignore,SixDegree,2025-09-17 09:13:50,PRO225SL-400,532046-01
cdelsignore,SixDegree,2025-09-17 11:59:44,PRO225SL-400,532046-01
nguy,Accuracy2D,2025-09-18 08:02:09,ES18837,529046-01
mtrozzi,Accuracy1DXY,2025-09-18 09:45:22,PlanarDL-300XY,530967-01
fbello,SixDegree,2025-09-19 10:11:48,ANT130LZS,519131-03-LZS-X
fbello,SixDegree,2025-09-19 11:16:56,ANT130LZS,519131-03-LZS-X-0kg
fbello,SixDegree,2025-09-19 11:27:11,ANT130LZS,519131-03-LZS-X-0kg
cdelsignore,SixDegree,2025-09-19 11:45:17,PRO165LM-0400-E1,532173-01
dyounge,SixDegree,2025-09-19 14:47:33,AGS1000-ES19619-3,529959-01
dyounge,SixDegree,2025-09-22 12:05:12,PRO225LM-0600,530337-01
dyounge,SixDegree,2025-09-22 12:20:34,PRO225LM-0600,530337-01
dyounge,SixDegree,2025-09-22 12:32:24,PRO225LM-0600,530337-01
cdelsignore,SixDegree,2025-09-22 13:49:40,PRO225LM-0600-E1,527656-01
cdelsignore,SixDegree,2025-09-22 16:18:51,PRO165LM-0400-E1,527657-01
cdelsignore,SixDegree,2025-09-23 09:10:16,PRO165SL-050,527658-01
mtrozzi,Accuracy1DXY,2025-09-23 10:44:30,PlanarDL-300XY,530967-01
mtrozzi,Accuracy1DXY,2025-09-23 11:01:12,PlanarDL-300XY,530967-01
dyounge,Flatness,2025-09-24 13:47:08,PRO190LM,533376-01
dyounge,Flatness,2025-09-24 13:51:54,PRO190LM,533376-01
dyounge,Flatness,2025-09-24 14:47:48,PRO190LM-0300,494763-01
dyounge,Accuracy,2025-09-24 14:56:38,PRO190LM-0300,494763-01
